{
    "Error_score": 603.1397908534661,
    "output_name": "output_8x8_greedy_v2_2",
    "Total_time": 12554.337579727173
}