{
    "Error_score": 536.2102101613895,
    "output_name": "output_8x8_greedy_v2_3",
    "Total_time": 11248.69725227356
}