{
    "Error_score": 682.6280848219982,
    "output_name": "output_8x8_greedy_v2",
    "Total_time": 1454.1874737739563
}