{
    "Error_score": 2585.8777338739433,
    "output_name": "output_8x8_greedy_v2_4",
    "Total_time": 2539.819509744644
}